Workbook

Sheet All
A1: Date | B1: Alpha 894 | C1: Alpha 456 | H1: May22,2026 | I1: May28,2026 | J1: May29,2026 | K1: Jun25,2026 | L1: Jun26,2026 | M1: Jun29,2026 | N1: Jun30,2026
A2: May22,2026+11-50-22AM | B2: 8.1314876 | C2: 0.1328471 | G2: err 894 | H2: ='894'!B1 -> 0.025848897 | I2: ='894'!C1 -> 0.021432894 | J2: ='894'!D1 -> 0.025213754 | K2: ='894'!E1 -> 0.023038052 | L2: ='894'!F1 -> 0.015546034 | M2: ='894'!G1 -> 0.016466511 | N2: ='894'!H1 -> 0.024909699
A3: May22,2026+12-00-00PM | B3: 8.2055994 | C3: 0.13179599 | G3: err 456 | H3: ='456'!B1 -> 0.0010410423 | I3: ='456'!C1 -> 0.00093859041 | J3: ='456'!D1 -> 0.00066693564 | K3: ='456'!E1 -> 0.00088916273 | L3: ='456'!F1 -> 0.00032853613 | M3: ='456'!G1 -> 0.00051984374 | N3: ='456'!H1 -> 0.00039061146
A4: May22,2026+12-08-18PM | B4: 8.217659 | C4: 0.1370154
A5: May22,2026+12-25-23PM | B5: 8.2690217 | C5: 0.13611961
A6: May22,2026+12-45-18PM | B6: 8.2739805 | C6: 0.13627946
A7: May28,2026+1-37-31PM | B7: 18.481532 | C7: 0.30390235
A8: May28,2026+2-22-26PM | B8: 18.346084 | C8: 0.30438419
A9: May28,2026+2-31-05PM | B9: 18.452492 | C9: 0.29716113
A10: May28,2026+2-39-02PM | B10: 18.351915 | C10: 0.30092448
A11: May28,2026+2-47-24PM | B11: 18.337397 | C11: 0.30225556
A12: May28,2026+2-55-44PM | B12: 18.232394 | C12: 0.30453505
A13: May28,2026+3-03-49PM | B13: 18.415074 | C13: 0.29441938
A14: May28,2026+3-11-47PM | B14: 18.341941 | C14: 0.2993805
A15: May28,2026+3-19-54PM | B15: 18.237028 | C15: 0.30198767
... A160: Jul07,2026+3-59-15PM | B160: 13.423454 | C160: 0.22158291

Sheet 456
A1: error in mean | B1: =_xlfn.STDEV.S(B4:B39)/SQRT(COUNT(B4:B39)) -> 0.0010410423 | C1: =_xlfn.STDEV.S(C4:C39)/SQRT(COUNT(C4:C39)) -> 0.00093859041 | D1: =_xlfn.STDEV.S(D4:D39)/SQRT(COUNT(D4:D39)) -> 0.00066693564 | E1: =_xlfn.STDEV.S(E4:E39)/SQRT(COUNT(E4:E39)) -> 0.00088916273 | F1: =_xlfn.STDEV.S(F4:F39)/SQRT(COUNT(F4:F39)) -> 0.00032853613 | G1: =_xlfn.STDEV.S(G4:G39)/SQRT(COUNT(G4:G39)) -> 0.00051984374 | H1: =_xlfn.STDEV.S(H4:H39)/SQRT(COUNT(H4:H39)) -> 0.00039061146 | I1: =_xlfn.STDEV.S(I4:I39)/SQRT(COUNT(I4:I39)) -> 0.00028613972
A2: %error mean | B2: =100*B1/AVERAGE(B4:B39) -> 0.77222061 | C2: =100*C1/AVERAGE(C4:C39) -> 0.31059914 | D2: =100*D1/AVERAGE(D4:D39) -> 0.47323404 | E2: =100*E1/AVERAGE(E4:E39) -> 0.51299689 | F2: =100*F1/AVERAGE(F4:F39) -> 0.19002664 | G2: =100*G1/AVERAGE(G4:G39) -> 0.19588898 | H2: =100*H1/AVERAGE(H4:H39) -> 0.16177404 | I2: =100*I1/AVERAGE(I4:I39) -> 0.12997532
A3: Number | B3: May22,2026 | C3: May28,2026 | D3: May29,2026 | E3: Jun25,2026 | F3: Jun26,2026 | G3: Jun29,2026 | H3: Jun30,2026 | I3: Jul7,2026
A4: 1 | B4: 0.1328471 | C4: 0.30390235 | D4: 0.14117502 | E4: 0.17187662 | F4: 0.17111359 | G4: 0.26702709 | H4: 0.23820567 | I4: 0.22233607
A5: 2 | B5: 0.13179599 | C5: 0.30438419 | D5: 0.13910707 | E5: 0.17507984 | F5: 0.17444231 | G5: 0.26377604 | H5: 0.23716854 | I5: 0.22291611
A6: 3 | B6: 0.1370154 | C6: 0.29716113 | D6: 0.14173596 | E6: 0.17353749 | F6: 0.17165345 | G6: 0.26272555 | H6: 0.24334889 | I6: 0.21978081
A7: 4 | B7: 0.13611961 | C7: 0.30092448 | D7: 0.14125817 | E7: 0.1739952 | F7: 0.17188594 | G7: 0.26788318 | H7: 0.24139694 | I7: 0.21701745
A8: 5 | B8: 0.13627946 | C8: 0.30225556 | D8: 0.14220773 | E8: 0.16979104 | F8: 0.1718264 | G8: 0.265034 | H8: 0.24177141 | I8: 0.22292724
A9: 6 | C9: 0.30453505 | D9: 0.13801119 | E9: 0.17568252 | F9: 0.17301127 | G9: 0.26673898 | H9: 0.24611016 | I9: 0.22210944
A10: 7 | C10: 0.29441938 | D10: 0.14302507 | F10: 0.17339388 | G10: 0.26807576 | H10: 0.24482639 | I10: 0.22190526
A11: 8 | C11: 0.2993805 | F11: 0.17255171 | G11: 0.26657004 | H11: 0.24047022 | I11: 0.21899661
A12: 9 | C12: 0.30198767 | F12: 0.17615606 | G12: 0.27166173 | H12: 0.24076715 | I12: 0.21885787
A13: 10 | C13: 0.29452133 | F13: 0.17277892 | G13: 0.26522606 | H13: 0.24437021 | I13: 0.21579489
A14: 11 | C14: 0.30226636 | F14: 0.17361495 | G14: 0.27094063 | H14: 0.24313994 | I14: 0.22075593
A15: 12 | C15: 0.30276185 | F15: 0.17607067 | G15: 0.26838563 | H15: 0.24007693 | I15: 0.22011229
A16: 13 | C16: 0.30565984 | F16: 0.17040121 | G16: 0.26226007 | H16: 0.24224533 | I16: 0.21961259
A17: 14 | C17: 0.302357 | F17: 0.1742316 | G17: 0.26283416 | H17: 0.24081642 | I17: 0.22007797
A18: 15 | C18: 0.30470032 | F18: 0.17436996 | G18: 0.26589154 | H18: 0.23946129 | I18: 0.21807345
A19: 16 | C19: 0.30681032 | F19: 0.17111425 | G19: 0.26087 | H19: 0.24067137 | I19: 0.22239501
A20: 17 | C20: 0.31003085 | F20: 0.17414182 | G20: 0.26403041 | H20: 0.24180454 | I20: 0.22148912
A21: 18 | C21: 0.30130891 | F21: 0.17027614 | G21: 0.26104422 | H21: 0.23787694 | I21: 0.21932862
A22: 19 | F22: 0.173059 | G22: 0.26790762 | H22: 0.24183815 | I22: 0.22146148
A23: 20 | F23: 0.16962974 | G23: 0.26200964 | H23: 0.24402503 | I23: 0.22005819
A24: 21 | F24: 0.17362237 | G24: 0.26657014 | H24: 0.23989744 | I24: 0.21877742
A25: 22 | F25: 0.17378948 | G25: 0.26433573 | H25: 0.24017618 | I25: 0.22017843
A26: 23 | F26: 0.1730173 | G26: 0.26876049 | H26: 0.2389398 | I26: 0.2178821
A27: 24 | F27: 0.1729429 | G27: 0.26514898 | H27: 0.23962574 | I27: 0.219801
A28: 25 | F28: 0.17314297 | G28: 0.26219391 | H28: 0.24176112 | I28: 0.21844373
A29: 26 | G29: 0.26184487 | H29: 0.24348654 | I29: 0.21984807
A30: 27 | G30: 0.26409583 | H30: 0.24073032 | I30: 0.2190509
A31: 28 | G31: 0.26424448 | H31: 0.24558777 | I31: 0.22080453
A32: 29 | G32: 0.26363414 | H32: 0.23918534 | I32: 0.22042568
A33: 30 | G33: 0.26464838 | H33: 0.24171793 | I33: 0.22236681
A34: 31 | G34: 0.27030867 | H34: 0.24138267 | I34: 0.21947404
A35: 32 | H35: 0.24367652 | I35: 0.22174008
A36: 33 | I36: 0.22024615
A37: 34 | I37: 0.21859609
A38: 35 | I38: 0.22158291
A39: 36

Sheet 894
A1: error in mean | B1: =_xlfn.STDEV.S(B4:B39)/SQRT(COUNT(B4:B39)) -> 0.025848897 | C1: =_xlfn.STDEV.S(C4:C39)/SQRT(COUNT(C4:C39)) -> 0.021432894 | D1: =_xlfn.STDEV.S(D4:D39)/SQRT(COUNT(D4:D39)) -> 0.025213754 | E1: =_xlfn.STDEV.S(E4:E39)/SQRT(COUNT(E4:E39)) -> 0.023038052 | F1: =_xlfn.STDEV.S(F4:F39)/SQRT(COUNT(F4:F39)) -> 0.015546034 | G1: =_xlfn.STDEV.S(G4:G39)/SQRT(COUNT(G4:G39)) -> 0.016466511 | H1: =_xlfn.STDEV.S(H4:H39)/SQRT(COUNT(H4:H39)) -> 0.024909699 | I1: =_xlfn.STDEV.S(I4:I39)/SQRT(COUNT(I4:I39)) -> 0.014794193
A2: %error mean | B2: =100*B1/AVERAGE(B4:B39) -> 0.3144807 | C2: =100*C1/AVERAGE(C4:C39) -> 0.11643296 | D2: =100*D1/AVERAGE(D4:D39) -> 0.29686053 | E2: =100*E1/AVERAGE(E4:E39) -> 0.21644588 | F2: =100*F1/AVERAGE(F4:F39) -> 0.1458232 | G2: =100*G1/AVERAGE(G4:G39) -> 0.10085341 | H2: =100*H1/AVERAGE(H4:H39) -> 0.16869744 | I2: =100*I1/AVERAGE(I4:I39) -> 0.10906903
A3: Number | B3: May22,2026 | C3: May28,2026 | D3: May29,2026 | E3: Jun25,2026 | F3: Jun26,2026 | G3: Jun29,2026 | H3: Jun30,2026 | I3: Jul7,2026
A4: 1 | B4: 8.1314876 | C4: 18.481532 | D4: 8.5701061 | E4: 10.622126 | F4: 10.62426 | G4: 16.445549 | H4: 14.758704 | I4: 13.558735
A5: 2 | B5: 8.2055994 | C5: 18.346084 | D5: 8.544705 | E5: 10.735749 | F5: 10.518782 | G5: 16.204494 | H5: 14.4843 | I5: 13.628789
A6: 3 | B6: 8.217659 | C6: 18.452492 | D6: 8.4017873 | E6: 10.566758 | F6: 10.635278 | G6: 16.286327 | H6: 14.965138 | I6: 13.564282
A7: 4 | B7: 8.2690217 | C7: 18.351915 | D7: 8.4035403 | E7: 10.631078 | F7: 10.703365 | G7: 16.207703 | H7: 14.874007 | I7: 13.588374
A8: 5 | B8: 8.2739805 | C8: 18.337397 | D8: 8.5185527 | E8: 10.63466 | F8: 10.68882 | G8: 16.4587 | H8: 14.848372 | I8: 13.484701
A9: 6 | C9: 18.232394 | D9: 8.5260981 | E9: 10.67239 | F9: 10.707745 | G9: 16.462079 | H9: 14.899698 | I9: 13.493443
A10: 7 | C10: 18.415074 | D10: 8.4894845 | F10: 10.731648 | G10: 16.471495 | H10: 14.810888 | I10: 13.693037
A11: 8 | C11: 18.341941 | F11: 10.743489 | G11: 16.339486 | H11: 14.679245 | I11: 13.667231
A12: 9 | C12: 18.237028 | F12: 10.719064 | G12: 16.355055 | H12: 14.73803 | I12: 13.627033
A13: 10 | C13: 18.531244 | F13: 10.724612 | G13: 16.359589 | H13: 15.006236 | I13: 13.571111
A14: 11 | C14: 18.412717 | F14: 10.854435 | G14: 16.216479 | H14: 14.931755 | I14: 13.600332
A15: 12 | C15: 18.49239 | F15: 10.706375 | G15: 16.261548 | H15: 14.877676 | I15: 13.500974
A16: 13 | C16: 18.515382 | F16: 10.637698 | G16: 16.384811 | H16: 14.746074 | I16: 13.597134
A17: 14 | C17: 18.391193 | F17: 10.739175 | G17: 16.350624 | H17: 14.640937 | I17: 13.345802
A18: 15 | C18: 18.551612 | F18: 10.686605 | G18: 16.187723 | H18: 14.631998 | I18: 13.515247
A19: 16 | C19: 18.39399 | F19: 10.651505 | G19: 16.303831 | H19: 14.672475 | I19: 13.596364
A20: 17 | C20: 18.450035 | F20: 10.701322 | G20: 16.164614 | H20: 14.541474 | I20: 13.606162
A21: 18 | C21: 18.408277 | F21: 10.60527 | G21: 16.240097 | H21: 14.809862 | I21: 13.564508
A22: 19 | F22: 10.580373 | G22: 16.251897 | H22: 14.591954 | I22: 13.566013
A23: 20 | F23: 10.576269 | G23: 16.381371 | H23: 14.558721 | I23: 13.67705
A24: 21 | F24: 10.519622 | G24: 16.378296 | H24: 14.659734 | I24: 13.697865
A25: 22 | F25: 10.558406 | G25: 16.444872 | H25: 14.568252 | I25: 13.521766
A26: 23 | F26: 10.633837 | G26: 16.377686 | H26: 14.678134 | I26: 13.576969
A27: 24 | F27: 10.613417 | G27: 16.370821 | H27: 14.666391 | I27: 13.480302
A28: 25 | F28: 10.660587 | G28: 16.147989 | H28: 15.013119 | I28: 13.457843
A29: 26 | G29: 16.418772 | H29: 14.811962 | I29: 13.460186
A30: 27 | G30: 16.352238 | H30: 14.838221 | I30: 13.441399
A31: 28 | G31: 16.311711 | H31: 14.879922 | I31: 13.459784
A32: 29 | G32: 16.368589 | H32: 14.893972 | I32: 13.560697
A33: 30 | G33: 16.289962 | H33: 14.727042 | I33: 13.566425
A34: 31 | G34: 16.347944 | H34: 14.880779 | I34: 13.677756
A35: 32 | H35: 14.823791 | I35: 13.708967
A36: 33 | I36: 13.589634
A37: 34 | I37: 13.67286
A38: 35 | I38: 13.423454
A39: 36
