Workbook

Sheet All Together
A1: Date | B1: Alpha 894 | C1: Alpha 456 | G1: Jun05,2026 | H1: Jun09,2026 | I1: Jun10,2026 | J1: Jun11,2026 | K1: Jun12,2026 | L1: Jun15,2026 | M1: Jun16,2026 | N1: Jun17,2026 | O1: Jun18,2026 | P1: Jun19,2026
A2: May22,2026+11-50-22AM | B2: 8.1314876 | C2: 0.17068222 | F2: err 894 | G2: ='894'!B1 -> 0.070402764 | H2: ='894'!C1 -> 0.034931002 | I2: ='894'!D1 -> 0.0088039523 | J2: ='894'!E1 -> 0.013141262 | K2: ='894'!F1 -> 0.017518705 | L2: ='894'!G1 -> 0.017947605 | M2: ='894'!H1 -> 0.029103957 | N2: ='894'!I1 -> 0.018920027 | ... P2: ='894'!K1 -> 0.05115536
A3: May22,2026+12-00-00PM | B3: 8.2055994 | C3: 0.16925238 | F3: err 456 | G3: ='456'!B1 -> 0.00069565168 | H3: ='456'!C1 -> 0.00082422728 | I3: ='456'!D1 -> 0.00014387441 | J3: ='456'!E1 -> 0.0002767911 | K3: ='456'!F1 -> 0.00042703475 | L3: ='456'!G1 -> 0.00057513833 | M3: ='456'!H1 -> 0.00057454237 | N3: ='456'!I1 -> 0.00038055465 | ... P3: ='456'!K1 -> 0.0012279085
A4: May22,2026+12-08-18PM | B4: 8.217659 | C4: 0.17600556 | F4: estimated y error
A5: May22,2026+12-25-23PM | B5: 8.2690217 | C5: 0.17477778
A6: May22,2026+12-45-18PM | B6: 8.2739805 | C6: 0.17496987
A7: May28,2026+1-37-31PM | B7: 18.481532 | C7: 0.39075425
A8: May28,2026+2-22-26PM | B8: 18.346084 | C8: 0.39090252
A9: May28,2026+2-31-05PM | B9: 18.452492 | C9: 0.38163794
A10: May28,2026+2-39-02PM | B10: 18.351915 | C10: 0.38646897
A11: May28,2026+2-47-24PM | B11: 18.337397 | C11: 0.38820632
A12: May28,2026+2-55-44PM | B12: 18.232394 | C12: 0.39110008
A13: May28,2026+3-03-49PM | B13: 18.415074 | C13: 0.37812534
A14: May28,2026+3-11-47PM | B14: 18.341941 | C14: 0.38449528
A15: May28,2026+3-19-54PM | B15: 18.237028 | C15: 0.3877947
A16: May28,2026+3-27-49PM | B16: 18.531244 | C16: 0.37824805
... A297: Jun29,2026+6-02-58PM | B297: 16.347944 | C297: 0.27030867

Sheet 456
A1: error in mean | B1: =_xlfn.STDEV.S(B4:B39)/SQRT(COUNT(B4:B39)) -> 0.00069565168 | C1: =_xlfn.STDEV.S(C4:C39)/SQRT(COUNT(C4:C39)) -> 0.00082422728 | D1: =_xlfn.STDEV.S(D4:D39)/SQRT(COUNT(D4:D39)) -> 0.00014387441 | E1: =_xlfn.STDEV.S(E4:E39)/SQRT(COUNT(E4:E39)) -> 0.0002767911 | F1: =_xlfn.STDEV.S(F4:F39)/SQRT(COUNT(F4:F39)) -> 0.00042703475 | G1: =_xlfn.STDEV.S(G4:G39)/SQRT(COUNT(G4:G39)) -> 0.00057513833 | H1: =_xlfn.STDEV.S(H4:H39)/SQRT(COUNT(H4:H39)) -> 0.00057454237 | I1: =_xlfn.STDEV.S(I4:I39)/SQRT(COUNT(I4:I39)) -> 0.00038055465 | ... K1: =_xlfn.STDEV.S(K4:K39)/SQRT(COUNT(K4:K39)) -> 0.0012279085
A2: %error mean | B2: =100*B1/AVERAGE(B4:B39) -> 0.49197701 | C2: =100*C1/AVERAGE(C4:C39) -> 0.58783889 | D2: =100*D1/AVERAGE(D4:D39) -> 0.12233215 | E2: =100*E1/AVERAGE(E4:E39) -> 0.30686842 | F2: =100*F1/AVERAGE(F4:F39) -> 0.18809413 | G2: =100*G1/AVERAGE(G4:G39) -> 0.22464071 | H2: =100*H1/AVERAGE(H4:H39) -> 0.22367916 | I2: =100*I1/AVERAGE(I4:I39) -> 0.21831975 | ... K2: =100*K1/AVERAGE(K4:K39) -> 0.70533133
A3: Number | B3: Jun05,2026 | C3: Jun09,2026 | D3: Jun10,2027 | E3: Jun11,2028 | F3: Jun12,2029 | G3: Jun15,2030 | H3: Jun16,2031 | I3: Jun17,2032 | J3: Jun18,2033 | K3: Jun19,2034
A4: 1 | B4: 0.14198189 | C4: 0.1424204 | D4: 0.11721805 | E4: 0.089287039 | F4: 0.2237846 | G4: 0.2606496 | H4: 0.25402215 | I4: 0.17294771 | J4: 0.17723934 | K4: 0.17086804
A5: 2 | B5: 0.14200694 | C5: 0.1351328 | D5: 0.11673822 | E5: 0.089953274 | F5: 0.22843472 | G5: 0.25338189 | H5: 0.25207441 | I5: 0.17566549 | J5: 0.17063093 | K5: 0.17169725
A6: 3 | B6: 0.13879302 | C6: 0.13504563 | D6: 0.1166419 | E6: 0.09123091 | F6: 0.221373 | G6: 0.25038094 | H6: 0.25648835 | I6: 0.17382778 | J6: 0.17490193 | K6: 0.17443667
A7: 4 | B7: 0.14134058 | C7: 0.1385978 | D7: 0.11798672 | E7: 0.090037965 | F7: 0.22597546 | G7: 0.25621523 | H7: 0.25619702 | I7: 0.17455984 | J7: 0.1770231 | K7: 0.17690052
A8: 5 | B8: 0.1428737 | C8: 0.13768382 | D8: 0.11636394 | E8: 0.092063663 | F8: 0.22521684 | G8: 0.2548333 | H8: 0.25690499 | I8: 0.17664297 | J8: 0.17194885 | K8: 0.17654555
A9: 6 | C9: 0.13734103 | D9: 0.11796074 | E9: 0.09056617 | F9: 0.22974628 | G9: 0.25854387 | H9: 0.25656546 | I9: 0.17708532 | J9: 0.1741186
A10: 7 | C10: 0.14146323 | D10: 0.1177719 | E10: 0.09128136 | F10: 0.22722519 | G10: 0.25519336 | H10: 0.25471438 | I10: 0.17557573 | J10: 0.17593521
A11: 8 | C11: 0.14408783 | D11: 0.11836235 | E11: 0.09024619 | F11: 0.22296518 | G11: 0.25663304 | H11: 0.25564493 | I11: 0.17345765 | J11: 0.17427622
A12: 9 | C12: 0.13920302 | D12: 0.11875028 | E12: 0.08798777 | F12: 0.22898718 | G12: 0.2560146 | H12: 0.26266359 | I12: 0.17535865 | J12: 0.17224969
A13: 10 | C13: 0.14444989 | D13: 0.11820945 | E13: 0.091038025 | F13: 0.22580669 | G13: 0.25648553 | H13: 0.25914187 | I13: 0.17503952 | J13: 0.17435258
A14: 11 | C14: 0.14486186 | D14: 0.11657769 | E14: 0.09035697 | F14: 0.23159489 | G14: 0.25339182 | H14: 0.25621156 | I14: 0.1745994 | J14: 0.17122235
A15: 12 | C15: 0.14493175 | D15: 0.11767064 | E15: 0.089055178 | F15: 0.22458362 | G15: 0.26261256 | H15: 0.25866495 | I15: 0.17177388 | J15: 0.17230495
A16: 13 | C16: 0.14335784 | D16: 0.11809885 | E16: 0.090556232 | F16: 0.23249128 | G16: 0.25914013 | H16: 0.25801756 | I16: 0.1720494 | J16: 0.17976031
A17: 14 | C17: 0.14372427 | D17: 0.1165592 | E17: 0.091259865 | F17: 0.23073511 | G17: 0.2518738 | H17: 0.25944546 | I17: 0.17416028 | J17: 0.1744338
A18: 15 | C18: 0.14091446 | D18: 0.11848708 | E18: 0.088371089 | F18: 0.22917933 | G18: 0.25861463 | H18: 0.25336488 | I18: 0.17432867 | J18: 0.17714436
A19: 16 | C19: 0.14455993 | D19: 0.11704911 | E19: 0.089886316 | F19: 0.22602467 | G19: 0.26412 | H19: 0.26155342 | I19: 0.17371638
A20: 17 | C20: 0.13911305 | D20: 0.11696449 | F20: 0.22988414 | G20: 0.25505739 | H20: 0.26019523 | I20: 0.17123203
A21: 18 | C21: 0.13688198 | D21: 0.11749321 | F21: 0.2279572 | G21: 0.25268335 | H21: 0.25868729 | I21: 0.1731857
A22: 19 | C22: 0.13589168 | D22: 0.11872478 | F22: 0.22726704 | G22: 0.25420313 | H22: 0.25516461 | I22: 0.1766967
A23: 20 | C23: 0.13460022 | D23: 0.11857414 | F23: 0.22728876 | G23: 0.25355249 | H23: 0.25295075
A24: 21 | D24: 0.11685799 | F24: 0.22819661 | G24: 0.25864091 | H24: 0.25645261
A25: 22 | D25: 0.11783993 | F25: 0.22449918 | G25: 0.25176888 | H25: 0.25868777
A26: 23 | D26: 0.11612329 | F26: 0.22352995 | G26: 0.25436276 | H26: 0.25396748
A27: 24 | D27: 0.11633963 | F27: 0.22753328 | G27: 0.2584898
A28: 25 | D28: 0.11852145 | F28: 0.2278442 | G28: 0.25493043
A29: 26 | D29: 0.11774339 | F29: 0.225433 | G29: 0.25702073
A30: 27 | D30: 0.1168231 | F30: 0.22712348 | G30: 0.2528137
A31: 28 | D31: 0.11850929 | F31: 0.22894109 | G31: 0.25787828
A32: 29 | D32: 0.11863101 | F32: 0.23027593 | G32: 0.25503011
A33: 30 | D33: 0.11748432 | F33: 0.227339 | G33: 0.25326708
A34: 31 | D34: 0.11825155 | F34: 0.22718964 | G34: 0.25901852
A35: 32 | D35: 0.1181811 | F35: 0.22249607
A36: 33 | F36: 0.2277014
A37: 34 | F37: 0.22467694
A38: 35 | F38: 0.22590951
A39: 36 | F39: 0.22795873

Sheet 894
A1: error in mean | B1: =_xlfn.STDEV.S(B4:B39)/SQRT(COUNT(B4:B39)) -> 0.070402764 | C1: =_xlfn.STDEV.S(C4:C39)/SQRT(COUNT(C4:C39)) -> 0.034931002 | D1: =_xlfn.STDEV.S(D4:D39)/SQRT(COUNT(D4:D39)) -> 0.0088039523 | E1: =_xlfn.STDEV.S(E4:E39)/SQRT(COUNT(E4:E39)) -> 0.013141262 | F1: =_xlfn.STDEV.S(F4:F39)/SQRT(COUNT(F4:F39)) -> 0.017518705 | G1: =_xlfn.STDEV.S(G4:G39)/SQRT(COUNT(G4:G39)) -> 0.017947605 | H1: =_xlfn.STDEV.S(H4:H39)/SQRT(COUNT(H4:H39)) -> 0.029103957 | I1: =_xlfn.STDEV.S(I4:I39)/SQRT(COUNT(I4:I39)) -> 0.018920027 | ... K1: =_xlfn.STDEV.S(K4:K39)/SQRT(COUNT(K4:K39)) -> 0.05115536
A2: %error mean | B2: =100*B1/AVERAGE(B4:B39) -> 0.82580237 | C2: =100*C1/AVERAGE(C4:C39) -> 0.4117912 | D2: =100*D1/AVERAGE(D4:D39) -> 0.12350377 | E2: =100*E1/AVERAGE(E4:E39) -> 0.23796167 | F2: =100*F1/AVERAGE(F4:F39) -> 0.12581532 | G2: =100*G1/AVERAGE(G4:G39) -> 0.11527055 | H2: =100*H1/AVERAGE(H4:H39) -> 0.1839302 | I2: =100*I1/AVERAGE(I4:I39) -> 0.17714173 | ... K2: =100*K1/AVERAGE(K4:K39) -> 0.47681214
A3: Number | B3: Jun05,2026 | C3: Jun09,2026 | D3: Jun10,2027 | E3: Jun11,2028 | F3: Jun12,2029 | G3: Jun15,2030 | H3: Jun16,2031 | I3: Jun17,2032 | J3: Jun18,2033 | K3: Jun19,2034
A4: 1 | B4: 8.589512 | C4: 8.5355109 | D4: 7.0733852 | E4: 5.5657944 | F4: 13.881207 | G4: 15.583174 | H4: 15.893217 | I4: 10.651584 | J4: 10.794235 | K4: 10.65391
A5: 2 | B5: 8.6524212 | C5: 8.212136 | D5: 7.0645821 | E5: 5.4648668 | F5: 14.08959 | G5: 15.618121 | H5: 15.77978 | I5: 10.663341 | J5: 10.845066 | K5: 10.857981
A6: 3 | B6: 8.2927305 | C6: 8.3727208 | D6: 7.0594232 | E6: 5.6047428 | F6: 13.781525 | G6: 15.47166 | H6: 15.73751 | I6: 10.720671 | J6: 10.751322 | K6: 10.831312
A7: 4 | B7: 8.4368096 | C7: 8.4364141 | D7: 7.0595369 | E7: 5.5960937 | F7: 13.849984 | G7: 15.428636 | H7: 15.644238 | I7: 10.60704 | J7: 10.54439 | K7: 10.709516
A8: 5 | B8: 8.655411 | C8: 8.4084016 | D8: 7.1355029 | E8: 5.4713363 | F8: 14.104589 | G8: 15.72539 | H8: 16.040401 | I8: 10.607917 | J8: 10.719603 | K8: 10.590378
A9: 6 | C9: 8.5099572 | D9: 7.1742988 | E9: 5.5409105 | F9: 14.045244 | G9: 15.629545 | H9: 15.526853 | I9: 10.796548 | J9: 10.753364
A10: 7 | C10: 8.4321435 | D10: 7.2143004 | E10: 5.5501305 | F10: 14.041948 | G10: 15.544711 | H10: 15.70361 | I10: 10.840979 | J10: 10.653749
A11: 8 | C11: 8.4721217 | D11: 7.1896716 | E11: 5.5616343 | F11: 13.931472 | G11: 15.641779 | H11: 15.562012 | I11: 10.772957 | J11: 10.863075
A12: 9 | C12: 8.4953666 | D12: 7.0740089 | E12: 5.5301084 | F12: 13.939302 | G12: 15.560241 | H12: 15.913642 | I12: 10.68303 | J12: 10.720821
A13: 10 | C13: 8.7711252 | D13: 7.1243445 | E13: 5.4935494 | F13: 13.768631 | G13: 15.67989 | H13: 15.896286 | I13: 10.585364 | J13: 10.670081
A14: 11 | C14: 8.5801267 | D14: 7.058535 | E14: 5.4627011 | F14: 13.860948 | G14: 15.525771 | H14: 15.958659 | I14: 10.528636 | J14: 10.660657
A15: 12 | C15: 8.5783682 | D15: 7.0753397 | E15: 5.555775 | F15: 14.028819 | G15: 15.506855 | H15: 15.673135 | I15: 10.620431 | J15: 10.813173
A16: 13 | C16: 8.6129268 | D16: 7.0929764 | E16: 5.5014513 | F16: 14.056495 | G16: 15.724551 | H16: 15.850054 | I16: 10.616278 | J16: 10.808142
A17: 14 | C17: 8.6349506 | D17: 7.1058507 | E17: 5.494759 | F17: 13.967022 | G17: 15.653972 | H17: 15.864219 | I17: 10.775714 | J17: 10.586819
A18: 15 | C18: 8.5827353 | D18: 7.10029 | E18: 5.5489303 | F18: 13.898487 | G18: 15.585242 | H18: 15.925267 | I18: 10.772354 | J18: 10.733703
A19: 16 | C19: 8.6784045 | D19: 7.0521776 | E19: 5.4160645 | F19: 13.770996 | G19: 15.591442 | H19: 15.884349 | I19: 10.708077
A20: 17 | C20: 8.5889121 | D20: 7.11674 | F20: 13.784355 | G20: 15.513625 | H20: 15.634633 | I20: 10.629202
A21: 18 | C21: 8.2237273 | D21: 7.1150966 | F21: 13.808475 | G21: 15.550451 | H21: 15.818171 | I21: 10.692249
A22: 19 | C22: 8.2664058 | D22: 7.1580456 | F22: 14.015153 | G22: 15.599999 | H22: 15.947264 | I22: 10.66146
A23: 20 | C23: 8.2614938 | D23: 7.2190635 | F23: 14.025474 | G23: 15.561229 | H23: 15.924948
A24: 21 | D24: 7.206288 | F24: 13.999762 | G24: 15.38996 | H24: 15.963193
A25: 22 | D25: 7.1744031 | F25: 14.019342 | G25: 15.676917 | H25: 15.867655
A26: 23 | D26: 7.1782562 | F26: 13.970695 | G26: 15.516218 | H26: 15.928436
A27: 24 | D27: 7.1789296 | F27: 13.907972 | G27: 15.471202
A28: 25 | D28: 7.1380411 | F28: 13.899424 | G28: 15.426744
A29: 26 | D29: 7.1009577 | F29: 14.05517 | G29: 15.363023
A30: 27 | D30: 7.1095476 | F30: 13.914276 | G30: 15.478402
A31: 28 | D31: 7.1520506 | F31: 13.841323 | G31: 15.598701
A32: 29 | D32: 7.1324555 | F32: 13.80498 | G32: 15.699464
A33: 30 | D33: 7.1772995 | F33: 13.884447 | G33: 15.751226
A34: 31 | D34: 7.1396287 | F34: 13.963402 | G34: 15.601322
A35: 32 | D35: 7.1606129 | F35: 13.959727
A36: 33 | F36: 13.946102
A37: 34 | F37: 13.982301
A38: 35 | F38: 13.749906
A39: 36 | F39: 13.720594
